{"cameraMode":{"drawMode":0,"name":"Shaded","section":"Shading Mode"},"sceneLighting":true,"audioPlay":false,"sceneViewState":{"showFog":true,"showMaterialUpdate":false,"showSkybox":true,"showFlares":true,"showImageEffects":true,"showParticleSystems":true},"in2DMode":false,"pivot":{"x":82.51829528808594,"y":6.161527633666992,"z":-23.152427673339845},"rotation":{"x":0.179607093334198,"y":-0.1847090721130371,"z":0.03435570374131203,"w":0.9656312465667725},"size":310.9744873046875,"orthographic":true}