{"cameraMode":{"drawMode":0,"name":"Shaded","section":"Shading Mode"},"sceneLighting":false,"audioPlay":false,"sceneViewState":{"showFog":true,"showMaterialUpdate":false,"showSkybox":false,"showFlares":true,"showImageEffects":true,"showParticleSystems":true},"in2DMode":false,"pivot":{"x":0.0,"y":15.248013496398926,"z":-4.470348358154297e-7},"rotation":{"x":0.16401460766792298,"y":-0.44862738251686098,"z":0.08414174616336823,"w":0.8745036721229553},"size":32.91918182373047,"orthographic":true}