{"cameraMode":{"drawMode":0,"name":"Shaded","section":"Shading Mode"},"sceneLighting":false,"audioPlay":false,"sceneViewState":{"showFog":true,"showMaterialUpdate":false,"showSkybox":false,"showFlares":true,"showImageEffects":true,"showParticleSystems":true},"in2DMode":false,"pivot":{"x":-2.91549015045166,"y":9.723226547241211,"z":23.06609535217285},"rotation":{"x":-0.08988358080387116,"y":0.8678016662597656,"z":-0.17034052312374116,"w":-0.4580986499786377},"size":37.613712310791019,"orthographic":false}